{
  "input_file": "D:\\My Projects\\Acoustic Vision Device (AVD) Project\\1. First Model (Currently limited to the laptop and not fully ready)\\capture\\echo.wav",
  "samples": 132300,
  "samplerate": 44100,
  "chirp_start_s": 0.3422,
  "estimated_band": [
    977,
    21127
  ],
  "num_echo_peaks": 56,
  "peak_times_s": [
    0.40034,
    0.438073,
    0.49322,
    0.530952,
    0.5861,
    0.623832,
    0.67898,
    0.716712,
    0.771859,
    0.809592,
    0.864739,
    0.902472,
    0.957619,
    0.995351,
    1.050499,
    1.088231,
    1.143379,
    1.181111,
    1.236259,
    1.273991,
    1.329138,
    1.366871,
    1.422018,
    1.459751,
    1.514898,
    1.55263,
    1.607778,
    1.64551,
    1.700658,
    1.73839,
    1.793537,
    1.83127,
    1.886417,
    1.92415,
    1.979297,
    2.017029,
    2.072177,
    2.109909,
    2.165057,
    2.202789,
    2.257937,
    2.295669,
    2.350816,
    2.388549,
    2.443696,
    2.481429,
    2.536576,
    2.574308,
    2.629456,
    2.667188,
    2.722336,
    2.760068,
    2.815215,
    2.852948,
    2.908095,
    2.945828
  ],
  "peak_heights": [
    0.423704,
    0.44019,
    0.423679,
    0.440307,
    0.423665,
    0.440343,
    0.423666,
    0.440077,
    0.423644,
    0.440216,
    0.423634,
    0.440242,
    0.423709,
    0.440235,
    0.423709,
    0.440235,
    0.423709,
    0.440235,
    0.423709,
    0.440235,
    0.423709,
    0.440235,
    0.423709,
    0.440235,
    0.423709,
    0.440235,
    0.423709,
    0.440235,
    0.423709,
    0.440235,
    0.423709,
    0.440235,
    0.423709,
    0.440235,
    0.423709,
    0.440235,
    0.423709,
    0.440235,
    0.423709,
    0.440235,
    0.423709,
    0.440235,
    0.423709,
    0.440235,
    0.423709,
    0.440235,
    0.423709,
    0.440235,
    0.423709,
    0.440235,
    0.423709,
    0.440235,
    0.423709,
    0.440235,
    0.423709,
    0.440235
  ],
  "estimated_distances_m": [
    9.971,
    16.442,
    25.9,
    32.371,
    41.829,
    48.3,
    57.758,
    64.229,
    73.687,
    80.158,
    89.616,
    96.087,
    105.544,
    112.016,
    121.473,
    127.944,
    137.402,
    143.873,
    153.331,
    159.802,
    169.26,
    175.731,
    185.189,
    191.66,
    201.118,
    207.589,
    217.047,
    223.518,
    232.976,
    239.447,
    248.904,
    255.376,
    264.833,
    271.304,
    280.762,
    287.233,
    296.691,
    303.162,
    312.62,
    319.091,
    328.549,
    335.02,
    344.478,
    350.949,
    360.407,
    366.878,
    376.336,
    382.807,
    392.264,
    398.736,
    408.193,
    414.664,
    424.122,
    430.593,
    440.051,
    446.522
  ],
  "notes": "AVD Analyzer v3.0 (robust corr + envelope fallback + adaptive band)"
}